Year,Folder,Category,Client,Document Name,Current Status,Status
2023,363,Test category PK,TRIARQ Wellness Hub,SFTP ON PRIORITY 1229 _ 28,New,Document is not processed Failed
2023,363,QA RCM DOCS,TRIARQ Wellness Hub,New SFTP 12292023 (69),Awaiting Query Response,Document is processed successfully
2023,363,QA RCM DOCS,TRIARQ Wellness Hub,New SFTP 12292023 (38),Received Response,Document is processed successfully
2023,363,Test category PK,TRIARQ Wellness Hub,RCM SFTP TEST EOY _ 017,Completed,Document is processed successfully
2023,363,QA RCM DOCS,TRIARQ Wellness Hub,check SFTP 12292023 EOY (98),Assigned,Document is processed successfully
2023,363,QA RCM DOCS,TRIARQ Wellness Hub,check SFTP 12292023 EOY (39),Completed,Document is processed successfully
2023,363,QA RCM DOCS,TRIARQ Wellness Hub,check SFTP 12292023 EOY (21),Assigned,Document is processed successfully
2023,363,Test category PK,TRIARQ Wellness Hub,RCM SFTP TEST EOY _ 028,Assigned,Document is processed successfully
2023,363,Test category PK,TRIARQ Wellness Hub,RCM SFTP TEST EOY _ 027,Assigned,Document is not processed Failed
2023,363,Test category PK,TRIARQ Wellness Hub,RCM SFTP TEST EOY _ 026,Assigned,Document is processed successfully
2023,363,Test category PK,TRIARQ Wellness Hub,RCM SFTP TEST EOY _ 025,Assigned,Document is processed successfully
2023,363,Test category PK,TRIARQ Wellness Hub,RCM SFTP TEST EOY _ 024,Assigned,Document is processed successfully
2023,363,Test category PK,TRIARQ Wellness Hub,RCM SFTP TEST EOY _ 023,Assigned,Document is processed successfully
2023,363,Test category PK,TRIARQ Wellness Hub,RCM SFTP TEST EOY _ 022,Assigned,Document is processed successfully
2023,363,Test category PK,TRIARQ Wellness Hub,RCM SFTP TEST EOY _ 021,Assigned,Document is processed successfully
2023,363,Test category PK,TRIARQ Wellness Hub,RCM SFTP TEST EOY _ 020,Assigned,Document is not processed Failed
2023,363,Test category PK,TRIARQ Wellness Hub,RCM SFTP TEST EOY _ 019,Assigned,Document is processed successfully
2023,363,Test category PK,TRIARQ Wellness Hub,RCM SFTP TEST EOY _ 018,Assigned,Document is processed successfully
2023,363,Test category PK,TRIARQ Wellness Hub,RCM SFTP TEST EOY _ 016,Assigned,Document is processed successfully
2023,363,Test category PK,TRIARQ Wellness Hub,RCM SFTP TEST EOY _ 015,Assigned,Document is processed successfully
2023,363,Test category PK,TRIARQ Wellness Hub,RCM SFTP TEST EOY _ 014,Assigned,Document is processed successfully
2023,363,Test category PK,TRIARQ Wellness Hub,RCM SFTP TEST EOY _ 013,Assigned,Document is processed successfully
2023,363,Test category PK,TRIARQ Wellness Hub,RCM SFTP TEST EOY _ 012,Assigned,Document is processed successfully
2023,363,Test category PK,TRIARQ Wellness Hub,RCM SFTP TEST EOY _ 011,Assigned,Document is not processed Failed
2023,363,Test category PK,TRIARQ Wellness Hub,RCM SFTP TEST EOY _ 010,Assigned,Document is processed successfully
2023,363,Test category PK,TRIARQ Wellness Hub,RCM SFTP TEST EOY _ 009,Assigned,Document is processed successfully
2023,363,Test category PK,TRIARQ Wellness Hub,RCM SFTP TEST EOY _ 008,Assigned,Document is processed successfully
2023,363,Test category PK,TRIARQ Wellness Hub,RCM SFTP TEST EOY _ 007,Assigned,Document is not processed Failed
2023,363,Test category PK,TRIARQ Wellness Hub,RCM SFTP TEST EOY _ 006,Assigned,Document is not processed Failed
2023,363,Test category PK,TRIARQ Wellness Hub,RCM SFTP TEST EOY _ 005,Assigned,Document is processed successfully
2023,363,Test category PK,TRIARQ Wellness Hub,RCM SFTP TEST EOY _ 004,Assigned,Document is processed successfully
2023,363,Test category PK,TRIARQ Wellness Hub,RCM SFTP TEST EOY _ 003,Assigned,Document is not processed Failed
2023,363,Test category PK,TRIARQ Wellness Hub,RCM SFTP TEST EOY _ 002,Assigned,Document is processed successfully
2023,363,Test category PK,TRIARQ Wellness Hub,RCM SFTP TEST EOY _ 001,Assigned,Document is processed successfully
2023,363,QA RCM DOCS,TRIARQ Wellness Hub,check SFTP 12292023 EOY (97),Assigned,Document is not processed Failed
2023,363,QA RCM DOCS,TRIARQ Wellness Hub,check SFTP 12292023 EOY (96),Assigned,Document is processed successfully
2023,363,QA RCM DOCS,TRIARQ Wellness Hub,check SFTP 12292023 EOY (95),Assigned,Document is processed successfully
2023,363,QA RCM DOCS,TRIARQ Wellness Hub,check SFTP 12292023 EOY (94),Assigned,Document is processed successfully
2023,363,QA RCM DOCS,TRIARQ Wellness Hub,check SFTP 12292023 EOY (93),Assigned,Document is processed successfully
2023,363,QA RCM DOCS,TRIARQ Wellness Hub,check SFTP 12292023 EOY (92),Assigned,Document is processed successfully
2023,363,QA RCM DOCS,TRIARQ Wellness Hub,check SFTP 12292023 EOY (91),Assigned,Document is processed successfully
2023,363,QA RCM DOCS,TRIARQ Wellness Hub,check SFTP 12292023 EOY (90),Assigned,Document is processed successfully
2023,363,QA RCM DOCS,TRIARQ Wellness Hub,check SFTP 12292023 EOY (9),Assigned,Document is not processed Failed
2023,363,QA RCM DOCS,TRIARQ Wellness Hub,check SFTP 12292023 EOY (89),Assigned,Document is not processed Failed
2023,363,QA RCM DOCS,TRIARQ Wellness Hub,check SFTP 12292023 EOY (88),Assigned,Document is processed successfully
2023,363,QA RCM DOCS,TRIARQ Wellness Hub,check SFTP 12292023 EOY (87),Assigned,Document is processed successfully
2023,363,QA RCM DOCS,TRIARQ Wellness Hub,check SFTP 12292023 EOY (86),Assigned,Document is processed successfully
2023,363,QA RCM DOCS,TRIARQ Wellness Hub,check SFTP 12292023 EOY (85),Assigned,Document is processed successfully
2023,363,QA RCM DOCS,TRIARQ Wellness Hub,check SFTP 12292023 EOY (84),Assigned,Document is processed successfully
2023,363,QA RCM DOCS,TRIARQ Wellness Hub,check SFTP 12292023 EOY (83),Assigned,Document is processed successfully
2023,363,QA RCM DOCS,TRIARQ Wellness Hub,check SFTP 12292023 EOY (82),Assigned,Document is processed successfully
2023,363,QA RCM DOCS,TRIARQ Wellness Hub,check SFTP 12292023 EOY (81),Assigned,Document is not processed Failed
2023,363,QA RCM DOCS,TRIARQ Wellness Hub,check SFTP 12292023 EOY (80),Assigned,Document is processed successfully
2023,363,QA RCM DOCS,TRIARQ Wellness Hub,check SFTP 12292023 EOY (8),Assigned,Document is processed successfully
2023,363,QA RCM DOCS,TRIARQ Wellness Hub,check SFTP 12292023 EOY (79),Assigned,Document is processed successfully
2023,363,QA RCM DOCS,TRIARQ Wellness Hub,check SFTP 12292023 EOY (78),Assigned,Document is processed successfully
2023,363,QA RCM DOCS,TRIARQ Wellness Hub,check SFTP 12292023 EOY (77),Assigned,Document is not processed Failed
2023,363,QA RCM DOCS,TRIARQ Wellness Hub,check SFTP 12292023 EOY (76),Assigned,Document is processed successfully
2023,363,QA RCM DOCS,TRIARQ Wellness Hub,check SFTP 12292023 EOY (75),Assigned,Document is processed successfully
2023,363,QA RCM DOCS,TRIARQ Wellness Hub,check SFTP 12292023 EOY (74),Assigned,Document is not processed Failed
2023,363,QA RCM DOCS,TRIARQ Wellness Hub,check SFTP 12292023 EOY (73),Assigned,Document is processed successfully
2023,363,QA RCM DOCS,TRIARQ Wellness Hub,check SFTP 12292023 EOY (72),Assigned,Document is processed successfully
2023,363,QA RCM DOCS,TRIARQ Wellness Hub,check SFTP 12292023 EOY (71),Assigned,Document is processed successfully
2023,363,QA RCM DOCS,TRIARQ Wellness Hub,check SFTP 12292023 EOY (70),Assigned,Document is processed successfully
2023,363,QA RCM DOCS,TRIARQ Wellness Hub,check SFTP 12292023 EOY (7),Assigned,Document is not processed Failed
2023,363,QA RCM DOCS,TRIARQ Wellness Hub,check SFTP 12292023 EOY (69),Assigned,Document is processed successfully
2023,363,QA RCM DOCS,TRIARQ Wellness Hub,check SFTP 12292023 EOY (68),Assigned,Document is processed successfully
2023,363,QA RCM DOCS,TRIARQ Wellness Hub,check SFTP 12292023 EOY (67),Assigned,Document is processed successfully
2023,363,QA RCM DOCS,TRIARQ Wellness Hub,check SFTP 12292023 EOY (66),Assigned,Document is processed successfully
2023,363,QA RCM DOCS,TRIARQ Wellness Hub,check SFTP 12292023 EOY (65),Assigned,Document is not processed Failed
2023,363,QA RCM DOCS,TRIARQ Wellness Hub,check SFTP 12292023 EOY (64),Assigned,Document is processed successfully
2023,363,QA RCM DOCS,TRIARQ Wellness Hub,check SFTP 12292023 EOY (63),Assigned,Document is processed successfully
2023,363,QA RCM DOCS,TRIARQ Wellness Hub,check SFTP 12292023 EOY (62),Assigned,Document is processed successfully
2023,363,QA RCM DOCS,TRIARQ Wellness Hub,check SFTP 12292023 EOY (61),Assigned,Document is processed successfully
2023,363,QA RCM DOCS,TRIARQ Wellness Hub,check SFTP 12292023 EOY (60),Assigned,Document is processed successfully
2023,363,QA RCM DOCS,TRIARQ Wellness Hub,check SFTP 12292023 EOY (6),Assigned,Document is processed successfully
2023,363,QA RCM DOCS,TRIARQ Wellness Hub,check SFTP 12292023 EOY (59),Assigned,Document is processed successfully
2023,363,QA RCM DOCS,TRIARQ Wellness Hub,check SFTP 12292023 EOY (58),Assigned,Document is processed successfully
2023,363,QA RCM DOCS,TRIARQ Wellness Hub,check SFTP 12292023 EOY (57),Assigned,Document is processed successfully
2023,363,QA RCM DOCS,TRIARQ Wellness Hub,check SFTP 12292023 EOY (56),Assigned,Document is processed successfully
2023,363,QA RCM DOCS,TRIARQ Wellness Hub,check SFTP 12292023 EOY (55),Assigned,Document is not processed Failed
2023,363,QA RCM DOCS,TRIARQ Wellness Hub,check SFTP 12292023 EOY (54),Assigned,Document is processed successfully
2023,363,QA RCM DOCS,TRIARQ Wellness Hub,check SFTP 12292023 EOY (53),Assigned,Document is processed successfully
2023,363,QA RCM DOCS,TRIARQ Wellness Hub,check SFTP 12292023 EOY (52),Assigned,Document is processed successfully
2023,363,QA RCM DOCS,TRIARQ Wellness Hub,check SFTP 12292023 EOY (51),Assigned,Document is processed successfully
2023,363,QA RCM DOCS,TRIARQ Wellness Hub,check SFTP 12292023 EOY (50),Assigned,Document is processed successfully
2023,363,QA RCM DOCS,TRIARQ Wellness Hub,check SFTP 12292023 EOY (5),Assigned,Document is processed successfully
2023,363,QA RCM DOCS,TRIARQ Wellness Hub,check SFTP 12292023 EOY (49),Assigned,Document is processed successfully
2023,363,QA RCM DOCS,TRIARQ Wellness Hub,check SFTP 12292023 EOY (48),Assigned,Document is not processed Failed
2023,363,QA RCM DOCS,TRIARQ Wellness Hub,check SFTP 12292023 EOY (47),Assigned,Document is processed successfully
2023,363,QA RCM DOCS,TRIARQ Wellness Hub,check SFTP 12292023 EOY (46),Assigned,Document is processed successfully
2023,363,QA RCM DOCS,TRIARQ Wellness Hub,check SFTP 12292023 EOY (45),Assigned,Document is processed successfully
2023,363,QA RCM DOCS,TRIARQ Wellness Hub,check SFTP 12292023 EOY (44),Assigned,Document is processed successfully
2023,363,QA RCM DOCS,TRIARQ Wellness Hub,check SFTP 12292023 EOY (43),Assigned,Document is not processed Failed
2023,363,QA RCM DOCS,TRIARQ Wellness Hub,check SFTP 12292023 EOY (42),Assigned,Document is processed successfully
2023,363,QA RCM DOCS,TRIARQ Wellness Hub,check SFTP 12292023 EOY (41),Assigned,Document is not processed Failed
2023,363,QA RCM DOCS,TRIARQ Wellness Hub,check SFTP 12292023 EOY (40),Assigned,Document is processed successfully
2023,363,QA RCM DOCS,TRIARQ Wellness Hub,check SFTP 12292023 EOY (4),Assigned,Document is processed successfully
2023,363,QA RCM DOCS,TRIARQ Wellness Hub,check SFTP 12292023 EOY (38),Assigned,Document is processed successfully
2023,363,QA RCM DOCS,TRIARQ Wellness Hub,check SFTP 12292023 EOY (37),Assigned,Document is processed successfully
2023,363,QA RCM DOCS,TRIARQ Wellness Hub,check SFTP 12292023 EOY (36),Assigned,Document is processed successfully
2023,363,QA RCM DOCS,TRIARQ Wellness Hub,check SFTP 12292023 EOY (35),Assigned,Document is processed successfully
2023,363,QA RCM DOCS,TRIARQ Wellness Hub,check SFTP 12292023 EOY (34),Assigned,Document is processed successfully
2023,363,QA RCM DOCS,TRIARQ Wellness Hub,check SFTP 12292023 EOY (33),Assigned,Document is processed successfully
2023,363,QA RCM DOCS,TRIARQ Wellness Hub,check SFTP 12292023 EOY (32),Assigned,Document is processed successfully
2023,363,QA RCM DOCS,TRIARQ Wellness Hub,check SFTP 12292023 EOY (31),Assigned,Document is processed successfully
2023,363,QA RCM DOCS,TRIARQ Wellness Hub,check SFTP 12292023 EOY (30),Assigned,Document is processed successfully
2023,363,QA RCM DOCS,TRIARQ Wellness Hub,check SFTP 12292023 EOY (3),Assigned,Document is not processed Failed
2023,363,QA RCM DOCS,TRIARQ Wellness Hub,check SFTP 12292023 EOY (29),Assigned,Document is processed successfully
2023,363,QA RCM DOCS,TRIARQ Wellness Hub,check SFTP 12292023 EOY (28),Assigned,Document is not processed Failed
2023,363,QA RCM DOCS,TRIARQ Wellness Hub,check SFTP 12292023 EOY (27),Assigned,Document is processed successfully
2023,363,QA RCM DOCS,TRIARQ Wellness Hub,check SFTP 12292023 EOY (26),Assigned,Document is not processed Failed
2023,363,QA RCM DOCS,TRIARQ Wellness Hub,check SFTP 12292023 EOY (25),Assigned,Document is not processed Failed
2023,363,QA RCM DOCS,TRIARQ Wellness Hub,check SFTP 12292023 EOY (24),Assigned,Document is processed successfully
2023,363,QA RCM DOCS,TRIARQ Wellness Hub,check SFTP 12292023 EOY (23),Assigned,Document is processed successfully
2023,363,QA RCM DOCS,TRIARQ Wellness Hub,check SFTP 12292023 EOY (22),Assigned,Document is processed successfully
2023,363,QA RCM DOCS,TRIARQ Wellness Hub,check SFTP 12292023 EOY (20),Assigned,Document is processed successfully
2023,363,QA RCM DOCS,TRIARQ Wellness Hub,check SFTP 12292023 EOY (2),Assigned,Document is processed successfully
2023,363,QA RCM DOCS,TRIARQ Wellness Hub,check SFTP 12292023 EOY (19),Assigned,Document is not processed Failed
2023,363,QA RCM DOCS,TRIARQ Wellness Hub,check SFTP 12292023 EOY (18),Assigned,Document is processed successfully
2023,363,QA RCM DOCS,TRIARQ Wellness Hub,check SFTP 12292023 EOY (17),Assigned,Document is processed successfully
2023,363,QA RCM DOCS,TRIARQ Wellness Hub,check SFTP 12292023 EOY (161),Assigned,Document is processed successfully
2023,363,QA RCM DOCS,TRIARQ Wellness Hub,check SFTP 12292023 EOY (160),Assigned,Document is processed successfully
2023,363,QA RCM DOCS,TRIARQ Wellness Hub,check SFTP 12292023 EOY (16),Assigned,Document is not processed Failed
2023,363,QA RCM DOCS,TRIARQ Wellness Hub,check SFTP 12292023 EOY (159),Assigned,Document is processed successfully
2023,363,QA RCM DOCS,TRIARQ Wellness Hub,check SFTP 12292023 EOY (158),Assigned,Document is processed successfully
2023,363,QA RCM DOCS,TRIARQ Wellness Hub,check SFTP 12292023 EOY (157),Assigned,Document is processed successfully
2023,363,QA RCM DOCS,TRIARQ Wellness Hub,check SFTP 12292023 EOY (156),Assigned,Document is processed successfully
2023,363,QA RCM DOCS,TRIARQ Wellness Hub,check SFTP 12292023 EOY (155),Assigned,Document is processed successfully
2023,363,QA RCM DOCS,TRIARQ Wellness Hub,check SFTP 12292023 EOY (154),Assigned,Document is not processed Failed
2023,363,QA RCM DOCS,TRIARQ Wellness Hub,check SFTP 12292023 EOY (153),Assigned,Document is processed successfully
2023,363,QA RCM DOCS,TRIARQ Wellness Hub,check SFTP 12292023 EOY (152),Assigned,Document is processed successfully
2023,363,QA RCM DOCS,TRIARQ Wellness Hub,check SFTP 12292023 EOY (151),Assigned,Document is processed successfully
2023,363,QA RCM DOCS,TRIARQ Wellness Hub,check SFTP 12292023 EOY (150),Assigned,Document is processed successfully
2023,363,QA RCM DOCS,TRIARQ Wellness Hub,check SFTP 12292023 EOY (15),Assigned,Document is processed successfully
2023,363,QA RCM DOCS,TRIARQ Wellness Hub,check SFTP 12292023 EOY (149),Assigned,Document is processed successfully
2023,363,QA RCM DOCS,TRIARQ Wellness Hub,check SFTP 12292023 EOY (148),Assigned,Document is processed successfully
2023,363,QA RCM DOCS,TRIARQ Wellness Hub,check SFTP 12292023 EOY (147),Assigned,Document is processed successfully
2023,363,QA RCM DOCS,TRIARQ Wellness Hub,check SFTP 12292023 EOY (146),Assigned,Document is processed successfully
2023,363,QA RCM DOCS,TRIARQ Wellness Hub,check SFTP 12292023 EOY (145),Assigned,Document is processed successfully
2023,363,QA RCM DOCS,TRIARQ Wellness Hub,check SFTP 12292023 EOY (144),Assigned,Document is processed successfully
2023,363,QA RCM DOCS,TRIARQ Wellness Hub,check SFTP 12292023 EOY (143),Assigned,Document is processed successfully
2023,363,QA RCM DOCS,TRIARQ Wellness Hub,check SFTP 12292023 EOY (142),Assigned,Document is processed successfully
2023,363,QA RCM DOCS,TRIARQ Wellness Hub,check SFTP 12292023 EOY (141),Assigned,Document is processed successfully
2023,363,QA RCM DOCS,TRIARQ Wellness Hub,check SFTP 12292023 EOY (140),Assigned,Document is processed successfully
2023,363,QA RCM DOCS,TRIARQ Wellness Hub,check SFTP 12292023 EOY (14),Assigned,Document is processed successfully
2023,363,QA RCM DOCS,TRIARQ Wellness Hub,check SFTP 12292023 EOY (139),Assigned,Document is not processed Failed
2023,363,QA RCM DOCS,TRIARQ Wellness Hub,check SFTP 12292023 EOY (138),Assigned,Document is not processed Failed
2023,363,QA RCM DOCS,TRIARQ Wellness Hub,check SFTP 12292023 EOY (137),Assigned,Document is processed successfully
2023,363,QA RCM DOCS,TRIARQ Wellness Hub,check SFTP 12292023 EOY (136),Assigned,Document is processed successfully
2023,363,QA RCM DOCS,TRIARQ Wellness Hub,check SFTP 12292023 EOY (135),Assigned,Document is processed successfully
2023,363,QA RCM DOCS,TRIARQ Wellness Hub,check SFTP 12292023 EOY (134),Assigned,Document is processed successfully
2023,363,QA RCM DOCS,TRIARQ Wellness Hub,check SFTP 12292023 EOY (133),Assigned,Document is processed successfully
2023,363,QA RCM DOCS,TRIARQ Wellness Hub,check SFTP 12292023 EOY (132),Assigned,Document is processed successfully
2023,363,QA RCM DOCS,TRIARQ Wellness Hub,check SFTP 12292023 EOY (131),Assigned,Document is processed successfully
2023,363,QA RCM DOCS,TRIARQ Wellness Hub,check SFTP 12292023 EOY (130),Assigned,Document is not processed Failed
2023,363,QA RCM DOCS,TRIARQ Wellness Hub,check SFTP 12292023 EOY (13),Assigned,Document is processed successfully
2023,363,QA RCM DOCS,TRIARQ Wellness Hub,check SFTP 12292023 EOY (129),Assigned,Document is processed successfully
2023,363,QA RCM DOCS,TRIARQ Wellness Hub,check SFTP 12292023 EOY (128),Assigned,Document is processed successfully
2023,363,QA RCM DOCS,TRIARQ Wellness Hub,check SFTP 12292023 EOY (127),Assigned,Document is processed successfully
2023,363,QA RCM DOCS,TRIARQ Wellness Hub,check SFTP 12292023 EOY (126),Assigned,Document is processed successfully
2023,363,QA RCM DOCS,TRIARQ Wellness Hub,check SFTP 12292023 EOY (125),Assigned,Document is processed successfully
2023,363,QA RCM DOCS,TRIARQ Wellness Hub,check SFTP 12292023 EOY (124),Assigned,Document is processed successfully
2023,363,QA RCM DOCS,TRIARQ Wellness Hub,check SFTP 12292023 EOY (123),Assigned,Document is not processed Failed
2023,363,QA RCM DOCS,TRIARQ Wellness Hub,check SFTP 12292023 EOY (122),Assigned,Document is processed successfully
2023,363,QA RCM DOCS,TRIARQ Wellness Hub,check SFTP 12292023 EOY (121),Assigned,Document is processed successfully
2023,363,QA RCM DOCS,TRIARQ Wellness Hub,check SFTP 12292023 EOY (120),Assigned,Document is processed successfully
2023,363,QA RCM DOCS,TRIARQ Wellness Hub,check SFTP 12292023 EOY (12),Assigned,Document is processed successfully
2023,363,QA RCM DOCS,TRIARQ Wellness Hub,check SFTP 12292023 EOY (119),Assigned,Document is not processed Failed
2023,363,QA RCM DOCS,TRIARQ Wellness Hub,check SFTP 12292023 EOY (118),Assigned,Document is processed successfully
2023,363,QA RCM DOCS,TRIARQ Wellness Hub,check SFTP 12292023 EOY (117),Assigned,Document is processed successfully
2023,363,QA RCM DOCS,TRIARQ Wellness Hub,check SFTP 12292023 EOY (116),Assigned,Document is processed successfully
2023,363,QA RCM DOCS,TRIARQ Wellness Hub,check SFTP 12292023 EOY (115),Assigned,Document is processed successfully
2023,363,QA RCM DOCS,TRIARQ Wellness Hub,check SFTP 12292023 EOY (114),Assigned,Document is processed successfully
2023,363,QA RCM DOCS,TRIARQ Wellness Hub,check SFTP 12292023 EOY (113),Assigned,Document is not processed Failed
2023,363,QA RCM DOCS,TRIARQ Wellness Hub,check SFTP 12292023 EOY (112),Assigned,Document is processed successfully
2023,363,QA RCM DOCS,TRIARQ Wellness Hub,check SFTP 12292023 EOY (111),Assigned,Document is processed successfully
2023,363,QA RCM DOCS,TRIARQ Wellness Hub,check SFTP 12292023 EOY (110),Assigned,Document is not processed Failed
2023,363,QA RCM DOCS,TRIARQ Wellness Hub,check SFTP 12292023 EOY (11),Assigned,Document is processed successfully
2023,363,QA RCM DOCS,TRIARQ Wellness Hub,check SFTP 12292023 EOY (109),Assigned,Document is processed successfully
2023,363,QA RCM DOCS,TRIARQ Wellness Hub,check SFTP 12292023 EOY (108),Assigned,Document is processed successfully
2023,363,QA RCM DOCS,TRIARQ Wellness Hub,check SFTP 12292023 EOY (107),Assigned,Document is processed successfully
2023,363,QA RCM DOCS,TRIARQ Wellness Hub,check SFTP 12292023 EOY (106),Assigned,Document is processed successfully
2023,363,QA RCM DOCS,TRIARQ Wellness Hub,check SFTP 12292023 EOY (105),Assigned,Document is processed successfully
2023,363,QA RCM DOCS,TRIARQ Wellness Hub,check SFTP 12292023 EOY (104),Assigned,Document is processed successfully
2023,363,QA RCM DOCS,TRIARQ Wellness Hub,check SFTP 12292023 EOY (103),Assigned,Document is processed successfully
2023,363,QA RCM DOCS,TRIARQ Wellness Hub,check SFTP 12292023 EOY (102),Assigned,Document is processed successfully
2023,363,QA RCM DOCS,TRIARQ Wellness Hub,check SFTP 12292023 EOY (101),Assigned,Document is processed successfully
2023,363,QA RCM DOCS,TRIARQ Wellness Hub,check SFTP 12292023 EOY (100),Assigned,Document is processed successfully
2023,363,QA RCM DOCS,TRIARQ Wellness Hub,check SFTP 12292023 EOY (10),Assigned,Document is not processed Failed
2023,363,QA RCM DOCS,TRIARQ Wellness Hub,check SFTP 12292023 EOY (1),Assigned,Document is processed successfully
2023,363,Test category PK,TRIARQ Wellness Hub,12 29 2023 04 28 28 PM _ 11,Assigned,Document is processed successfully
2023,363,Test category PK,TRIARQ Wellness Hub,12 29 2023 04 28 28 PM _ 10,Assigned,Document is processed successfully
2023,363,Test category PK,TRIARQ Wellness Hub,12 29 2023 04 28 28 PM _ 09,Assigned,Document is processed successfully
2023,363,Test category PK,TRIARQ Wellness Hub,12 29 2023 04 28 28 PM _ 08,Assigned,Document is processed successfully
2023,363,Test category PK,TRIARQ Wellness Hub,12 29 2023 04 28 28 PM _ 07,Assigned,Document is processed successfully
2023,363,Test category PK,TRIARQ Wellness Hub,12 29 2023 04 28 28 PM _ 06,Assigned,Document is processed successfully
2023,363,Test category PK,TRIARQ Wellness Hub,12 29 2023 04 28 28 PM _ 05,Assigned,Document is processed successfully
2023,363,Test category PK,TRIARQ Wellness Hub,12 29 2023 04 28 28 PM _ 04,Assigned,Document is processed successfully
2023,363,Test category PK,TRIARQ Wellness Hub,12 29 2023 04 28 28 PM _ 03,Assigned,Document is processed successfully
2023,363,Test category PK,TRIARQ Wellness Hub,12 29 2023 04 28 28 PM _ 02,Assigned,Document is processed successfully
2023,363,Test category PK,TRIARQ Wellness Hub,12 29 2023 04 28 28 PM _ 01,Assigned,Document is processed successfully
2023,363,Test category PK,TRIARQ Wellness Hub,SFTP ON PRIORITY 1229 _ 32,Assigned,Document is processed successfully
2023,363,Test category PK,TRIARQ Wellness Hub,SFTP ON PRIORITY 1229 _ 31,Assigned,Document is processed successfully
2023,363,Test category PK,TRIARQ Wellness Hub,SFTP ON PRIORITY 1229 _ 30,Assigned,Document is processed successfully
2023,363,Test category PK,TRIARQ Wellness Hub,SFTP ON PRIORITY 1229 _ 29,Assigned,Document is processed successfully
2023,363,Test category PK,TRIARQ Wellness Hub,SFTP ON PRIORITY 1229 _ 27,Assigned,Document is processed successfully
2023,363,Test category PK,TRIARQ Wellness Hub,SFTP ON PRIORITY 1229 _ 26,Assigned,Document is processed successfully
2023,363,Test category PK,TRIARQ Wellness Hub,SFTP ON PRIORITY 1229 _ 25,Assigned,Document is processed successfully
2023,363,Test category PK,TRIARQ Wellness Hub,SFTP ON PRIORITY 1229 _ 24,Assigned,Document is processed successfully
2023,363,Test category PK,TRIARQ Wellness Hub,SFTP ON PRIORITY 1229 _ 23,Assigned,Document is processed successfully
2023,363,Test category PK,TRIARQ Wellness Hub,SFTP ON PRIORITY 1229 _ 22,Assigned,Document is processed successfully
2023,363,Test category PK,TRIARQ Wellness Hub,SFTP ON PRIORITY 1229 _ 21,Assigned,Document is processed successfully
2023,363,Test category PK,TRIARQ Wellness Hub,SFTP ON PRIORITY 1229 _ 20,Assigned,Document is processed successfully
2023,363,Test category PK,TRIARQ Wellness Hub,SFTP ON PRIORITY 1229 _ 19,Assigned,Document is processed successfully
2023,363,Test category PK,TRIARQ Wellness Hub,SFTP ON PRIORITY 1229 _ 18,Assigned,Document is processed successfully
2023,363,Test category PK,TRIARQ Wellness Hub,SFTP ON PRIORITY 1229 _ 17,Assigned,Document is processed successfully
2023,363,Test category PK,TRIARQ Wellness Hub,SFTP ON PRIORITY 1229 _ 16,Assigned,Document is processed successfully
2023,363,Test category PK,TRIARQ Wellness Hub,SFTP ON PRIORITY 1229 _ 15,Assigned,Document is processed successfully
2023,363,Test category PK,TRIARQ Wellness Hub,RCM SFTP TEST EOY _ 103,Assigned,Document is processed successfully
2023,363,Test category PK,TRIARQ Wellness Hub,RCM SFTP TEST EOY _ 102,Assigned,Document is processed successfully
2023,363,Test category PK,TRIARQ Wellness Hub,RCM SFTP TEST EOY _ 101,Assigned,Document is processed successfully
2023,363,Test category PK,TRIARQ Wellness Hub,RCM SFTP TEST EOY _ 100,Assigned,Document is processed successfully
2023,363,Test category PK,TRIARQ Wellness Hub,RCM SFTP TEST EOY _ 099,Assigned,Document is processed successfully
2023,363,Test category PK,TRIARQ Wellness Hub,RCM SFTP TEST EOY _ 098,Assigned,Document is processed successfully
2023,363,Test category PK,TRIARQ Wellness Hub,RCM SFTP TEST EOY _ 097,Assigned,Document is processed successfully
2023,363,Test category PK,TRIARQ Wellness Hub,RCM SFTP TEST EOY _ 096,Assigned,Document is processed successfully
2023,363,Test category PK,TRIARQ Wellness Hub,RCM SFTP TEST EOY _ 095,Assigned,Document is processed successfully
2023,363,Test category PK,TRIARQ Wellness Hub,RCM SFTP TEST EOY _ 094,Assigned,Document is not processed Failed
2023,363,Test category PK,TRIARQ Wellness Hub,RCM SFTP TEST EOY _ 093,Assigned,Document is processed successfully
2023,363,Test category PK,TRIARQ Wellness Hub,RCM SFTP TEST EOY _ 092,Assigned,Document is processed successfully
2023,363,Test category PK,TRIARQ Wellness Hub,RCM SFTP TEST EOY _ 091,Assigned,Document is processed successfully
2023,363,Test category PK,TRIARQ Wellness Hub,RCM SFTP TEST EOY _ 090,Assigned,Document is not processed Failed
2023,363,Test category PK,TRIARQ Wellness Hub,RCM SFTP TEST EOY _ 089,Assigned,Document is processed successfully
2023,363,Test category PK,TRIARQ Wellness Hub,RCM SFTP TEST EOY _ 088,Assigned,Document is not processed Failed
2023,363,Test category PK,TRIARQ Wellness Hub,RCM SFTP TEST EOY _ 087,Assigned,Document is processed successfully
2023,363,Test category PK,TRIARQ Wellness Hub,RCM SFTP TEST EOY _ 086,Assigned,Document is processed successfully
2023,363,Test category PK,TRIARQ Wellness Hub,RCM SFTP TEST EOY _ 085,Assigned,Document is processed successfully
2023,363,Test category PK,TRIARQ Wellness Hub,RCM SFTP TEST EOY _ 084,Assigned,Document is processed successfully
2023,363,Test category PK,TRIARQ Wellness Hub,RCM SFTP TEST EOY _ 083,Assigned,Document is processed successfully
2023,363,Test category PK,TRIARQ Wellness Hub,RCM SFTP TEST EOY _ 082,Assigned,Document is processed successfully
2023,351,RCM DOCS,TRIARQ Wellness Hub,EOD Saturday FILE Parsing,Assigned,Document is processed successfully
2023,345,RCM_PK,TRIARQ Wellness Hub,12 11 2023 05 51 13 PM _ 03,Patient Registration Completed,Document is not processed Failed
2023,345,RCM_PK,TRIARQ Wellness Hub,12 11 2023 05 51 13 PM _ 02,Assigned Patient Registration,Document is processed successfully
2023,345,RCM_PK,TRIARQ Wellness Hub,12 11 2023 05 51 13 PM _ 04,Patient Registration Completed,Document is not processed Failed
2023,345,RCM_PK,TRIARQ Wellness Hub,12 11 2023 05 51 13 PM _ 07,Assigned,Document is processed successfully
2023,345,RCM_PK,TRIARQ Wellness Hub,12 11 2023 05 51 13 PM _ 01,Awaiting Query Response,Document is processed successfully
2023,345,RCM_PK,TRIARQ Wellness Hub,12 11 2023 05 51 13 PM _ 13,Completed,Document is processed successfully
2023,345,RCM_PK,TRIARQ Wellness Hub,12 11 2023 05 51 13 PM _ 06,Completed,Document is processed successfully
2023,345,RCM_PK,TRIARQ Wellness Hub,12 11 2023 05 51 13 PM _ 05,Completed,Document is processed successfully
2023,345,RCM_PK,TRIARQ Wellness Hub,12 11 2023 05 51 13 PM _ 11,Patient Registration Completed,Document is processed successfully
2023,345,RCM_PK,TRIARQ Wellness Hub,12 11 2023 05 51 13 PM _ 12,Assigned Patient Registration,Document is processed successfully
2023,345,RCM_PK,TRIARQ Wellness Hub,12 11 2023 05 51 13 PM _ 08,Assigned Patient Registration,Document is processed successfully
2023,345,RCM_PK,TRIARQ Wellness Hub,12 11 2023 05 51 13 PM _ 09,Assigned Patient Registration,Document is processed successfully
2023,345,RCM_PK,TRIARQ Wellness Hub,12 11 2023 05 51 13 PM _ 14,New,Document is processed successfully
2023,345,RCM_PK,TRIARQ Wellness Hub,12 11 2023 05 51 13 PM _ 16,New,Document is processed successfully
2023,345,RCM_PK,TRIARQ Wellness Hub,12 11 2023 05 51 13 PM _ 15,New,Document is processed successfully
2023,345,RCM_PK,TRIARQ Wellness Hub,12 11 2023 05 51 13 PM _ 25,Assigned,Document is processed successfully
2023,345,RCM_PK,TRIARQ Wellness Hub,12 11 2023 05 51 13 PM _ 22,Assigned,Document is processed successfully
2023,345,RCM_PK,TRIARQ Wellness Hub,12 11 2023 05 51 13 PM _ 21,Assigned,Document is processed successfully
2023,345,RCM_PK,TRIARQ Wellness Hub,12 11 2023 05 51 13 PM _ 19,Assigned,Document is processed successfully
2023,345,RCM_PK,TRIARQ Wellness Hub,12 11 2023 05 51 13 PM _ 18,Assigned,Document is processed successfully
2023,345,RCM_PK,TRIARQ Wellness Hub,12 11 2023 05 51 13 PM _ 17,Assigned,Document is processed successfully
2023,328,RCM_PK,TRIARQ Wellness Hub,11 24 2023 15 56 51 PM _ 03,Patient Registration Required,Document is processed successfully
2023,328,RCM_PK,TRIARQ Wellness Hub,11 24 2023 15 56 51 PM _ 02,Patient Registration Completed,Document is processed successfully
2023,328,RCM_PK,TRIARQ Wellness Hub,11 24 2023 15 56 51 PM _ 01,Patient Registration Completed,Document is processed successfully
2023,328,RCM_PK,TRIARQ Wellness Hub,11 24 2023 15 56 51 PM _ 28,Assigned Patient Registration,Document is processed successfully
2023,325,Test category PK,TRIARQ Wellness Hub,11 21 2023 18 11 26 PM _ 04,Completed,Document is processed successfully
2023,319,Patient Reg Req Category,TRIARQ Wellness Hub,11 15 2023 12 48 36 PM _ 02,Received Response,Document is processed successfully
2024,044,$0 EOB DENIALS,TRIARQ Wellness Hub,BH 02 13 2024 13 02 02 PM,Assigned,Document is processed successfully
2024,044,$0 EOB DUPLICATES,TRIARQ Wellness Hub,02 13 2024 15 01 17 PM,Splitted,Document is processed successfully
2024,044,$0 EOB DENIALS,TRIARQ Practice Services Biotech,02 13 2024 10 25 09 AM,Completed,Document is processed successfully
2024,044,$0 EOB DUPLICATES,TRIARQ Wellness Hub,02 13 2024 15 01 17 PM_004,Assigned,Document is processed successfully
2024,044,$0 EOB DUPLICATES,TRIARQ Wellness Hub,02 13 2024 15 01 17 PM_003,Assigned,Document is processed successfully
2024,044,$0 EOB DEDUCTIBLE,TRIARQ Practice Services Biotech,BH 02 13 2024 12 16 03 PM,Void,Document is processed successfully
2024,044,$0 EOB DUPLICATES,TRIARQ Wellness Hub,02 13 2024 15 01 17 PM_001,Completed,Document is processed successfully
2024,044,$0 EOB DUPLICATES,TRIARQ Wellness Hub,02 13 2024 15 01 17 PM_002,Completed,Document is processed successfully
2024,043,$0 EOBs,TRIARQ Wellness Hub,02 12 2024 18 44 15 PM,Received Response,Document is processed successfully
2024,043,RCM DOCS,TRIARQ Wellness Hub,02 12 2024 18 35 22 PM,Assigned,Document is processed successfully
2024,043,RCM DOCS,TRIARQ Wellness Hub,02 12 2024 18 35 22 PM_001_001,Awaiting Query Response,Document is processed successfully
2024,043,RCM DOCS,TRIARQ Wellness Hub,02 12 2024 18 35 22 PM_003_002,New,Document is processed successfully
2024,037,02 24 2022,TRIARQ Wellness Hub,02 06 2024 10 52 59 AM,Received Response,Document is processed successfully
2024,029,02 24 2022,TRIARQ Practice Services Biotech,EMR,Splitted,Document is processed successfully
2024,029,02 24 2022,TRIARQ Practice Services Biotech,EMR_002,New,Document is processed successfully
2024,029,02 24 2022,TRIARQ Practice Services Biotech,EMR_001,New,Document is processed successfully
2024,029,02 24 2022,TRIARQ Practice Services Biotech,EMR_003,New,Document is processed successfully
2024,029,$0 EOB DEDUCTIBLE,TRIARQ Practice Services Biotech,test PM RCM8412_001,New,Document is processed successfully
2024,029,$0 EOB DEDUCTIBLE,TRIARQ Practice Services Biotech,test PM RCM8412_002,New,Document is processed successfully
2024,029,$0 EOB DEDUCTIBLE,TRIARQ Practice Services Biotech,test PM RCM8412_003,New,Document is processed successfully
2024,029,$0 EOB DEDUCTIBLE,TRIARQ Practice Services Biotech,test PM RCM8412_004,New,Document is processed successfully
2024,029,$0 EOB DEDUCTIBLE,TRIARQ Practice Services Biotech,test PM RCM8556,Splitted,Document is processed successfully
2024,025,02 24 2022,TRIARQ Practice Services Biotech,PM Rename Docs,New,Document is processed successfully
2024,023,$0 EOB DEDUCTIBLE,TRIARQ Wellness Hub,01 23 2024 10 17 16 AM_002,New,Document is processed successfully
2024,018,$0 EOB DEDUCTIBLE,TRIARQ Practice Services Biotech,Test Rcmpdf56,Splitted,Document is processed successfully
2024,018,$0 EOB DEDUCTIBLE,TRIARQ Practice Services Biotech,Test Rcmpdf56_001,New,Document is processed successfully
2024,018,$0 EOB DEDUCTIBLE,TRIARQ Practice Services Biotech,Test Rcmpdf56_002,New,Document is processed successfully
2024,018,$0 EOB DEDUCTIBLE,TRIARQ Practice Services Biotech,Test Rcmpdf56_003,New,Document is processed successfully
2024,016,!AK_QA,TRIARQ Practice Services Biotech,01 16 2024 14 55 51 PM,New,Document is processed successfully
2024,016,$0 EOB DENIALS,TRIARQ Wellness Hub,01 16 2024 14 55 22 PM,New,Document is processed successfully
2024,009,QA RCM DOCS,TRIARQ Wellness Hub,Get_Started_With_Smallpdf (2) - Copy - Copy - Copy,New,Document is not processed Failed
